floridawe,whatsapp33644681934,weedlif,cannabi,whatsapp,purehemp,beuhfranc,weedmap,letsgo420,weedinpari,cannabisfr,marioplug420,weedlov,medicalmarijuana,parishash,beuh,psytranc,stone,gypsey,13016844745,marijuanagrow,wickr,textwhatsapp,canabislif,cbd,weedman,stonedlif,hash,toulous,marijuana,orlando,cannabiscultur,snap,canabi,indica,joint,weedmem,stoner,joplug420,lill,cannabisinpari,marijuanagirl,wickrshawmark420,versail,weedcommun,snapchat,spliff,17204085517,raw,cannabiscommun,bradleyplug,weed,thc,stonerguy,marseil,souvenirse,dispensari,weedgirl,hightim
0.0,0.0,0.040689344024744806,0.0,0.040689344024744806,0.040689344024744806,0.0,0.0,0.040689344024744806,0.0,0.0,0.040689344024744806,0.0,0.0,0.0,0.0,0.040689344024744806,0.040689344024744806,0.040689344024744806,0.040689344024744806,0.040689344024744806,0.01501722622622831,0.0,0.040689344024744806,0.0,0.040689344024744806,0.040689344024744806,0.0,0.0,0.01501722622622831,0.0,0.0,0.0,0.040689344024744806,0.0,0.040689344024744806,0.040689344024744806,0.08137868804948961,0.0,0.0,0.0,0.040689344024744806,0.0,0.0,0.0,0.040689344024744806,0.040689344024744806,0.0,0.040689344024744806,0.0,0.0,0.0,0.0,0.040689344024744806,0.0,0.0,0.0,0.040689344024744806,0.0
0.0,0.06103401603711721,0.0,0.0,0.0,0.0,0.06103401603711721,0.0,0.0,0.06103401603711721,0.06103401603711721,0.0,0.06103401603711721,0.0,0.06103401603711721,0.06103401603711721,0.0,0.0,0.0,0.0,0.0,0.0,0.0,0.0,0.0,0.0,0.0,0.06103401603711721,0.06103401603711721,0.0,0.0,0.0,0.06103401603711721,0.0,0.0,0.0,0.0,0.0,0.06103401603711721,0.06103401603711721,0.06103401603711721,0.0,0.06103401603711721,0.06103401603711721,0.06103401603711721,0.0,0.0,0.0,0.0,0.0,0.0,0.0,0.0,0.0,0.06103401603711721,0.0,0.0,0.0,0.0
0.057821699403584725,0.0,0.0,0.057821699403584725,0.0,0.0,0.0,0.057821699403584725,0.0,0.0,0.0,0.0,0.0,0.057821699403584725,0.0,0.0,0.0,0.0,0.0,0.0,0.0,0.021340268847798126,0.057821699403584725,0.0,0.057821699403584725,0.0,0.0,0.0,0.0,0.021340268847798126,0.057821699403584725,0.057821699403584725,0.0,0.0,0.057821699403584725,0.0,0.0,0.0,0.0,0.0,0.0,0.0,0.0,0.0,0.0,0.0,0.0,0.057821699403584725,0.0,0.057821699403584725,0.057821699403584725,0.0,0.057821699403584725,0.0,0.0,0.057821699403584725,0.057821699403584725,0.0,0.057821699403584725
